{
  "Account_1910": {
    "forecast_mean": [
      173.0958251953125,
      197.86801147460938,
      197.01649475097656,
      198.5647430419922,
      212.6539306640625,
      213.58291625976562,
      202.5902099609375,
      209.2477569580078,
      216.5245819091797,
      214.2021942138672,
      214.2022247314453,
      203.05471801757812,
      211.5701446533203,
      206.1512451171875,
      209.1703338623047,
      218.69216918945312,
      209.5574188232422,
      207.46725463867188,
      220.0856170654297,
      212.49911499023438,
      215.1311492919922,
      219.2340850830078,
      214.2796173095703,
      231.3105010986328,
      207.46725463867188,
      223.18212890625,
      216.67941284179688,
      219.15664672851562,
      217.685791015625,
      220.0081787109375
    ],
    "confidence_intervals": {
      "10%": [
        129.58963012695312,
        168.76068115234375,
        155.60043334960938,
        159.00662231445312,
        167.21241760253906,
        165.0448455810547,
        165.35450744628906,
        174.6440887451172,
        185.3271026611328,
        169.99929809570312,
        179.28887939453125,
        166.74794006347656,
        183.46917724609375,
        174.7989044189453,
        166.74794006347656,
        181.61126708984375,
        172.63133239746094,
        182.69505310058594,
        192.91358947753906,
        184.08848571777344,
        182.07574462890625,
        184.55296325683594,
        184.08848571777344,
        207.93173217773438,
        176.34716796875,
        188.57846069335938,
        176.19235229492188,
        182.23057556152344,
        184.08848571777344,
        186.25604248046875
      ],
      "90%": [
        224.6529998779297,
        231.31051635742188,
        241.68386840820312,
        234.71669006347656,
        243.8514404296875,
        252.2120819091797,
        233.78773498535156,
        254.5344696044922,
        242.7676544189453,
        246.3286590576172,
        248.34140014648438,
        243.8514404296875,
        240.29043579101562,
        234.09738159179688,
        249.42520141601562,
        246.6383056640625,
        238.2777099609375,
        246.6383056640625,
        251.12828063964844,
        244.93521118164062,
        244.93521118164062,
        259.0244140625,
        237.81321716308594,
        264.75299072265625,
        249.42520141601562,
        254.0699920654297,
        254.0699920654297,
        248.49623107910156,
        246.48348999023438,
        250.81863403320312
      ]
    }
  },
  "Account_4000": {
    "forecast_mean": [
      -876.5377807617188,
      -912.2552490234375,
      -940.68359375,
      -936.6744384765625,
      -938.1324462890625,
      -986.970703125,
      -952.3465576171875,
      -985.5128173828125,
      -1005.5584106445312,
      -960.36474609375,
      -993.8955078125,
      -948.7018432617188,
      -908.2462158203125,
      -941.7770385742188,
      -945.4216918945312,
      -990.6153564453125,
      -953.0753784179688,
      -947.9729614257812,
      -1004.4649658203125,
      -1011.3898315429688,
      -971.2987060546875,
      -975.6722412109375,
      -986.2418212890625,
      -957.0845947265625,
      -965.8317260742188,
      -1017.22119140625,
      -982.9615478515625,
      -988.4285278320312,
      -965.1027221679688,
      -1010.29638671875
    ],
    "confidence_intervals": {
      "10%": [
        -1035.808837890625,
        -1043.8271484375,
        -1124.0093994140625,
        -1068.6107177734375,
        -1064.2371826171875,
        -1079.544677734375,
        -1096.3101806640625,
        -1115.26220703125,
        -1129.8408203125,
        -1044.5560302734375,
        -1124.73828125,
        -1122.551513671875,
        -1023.4171142578125,
        -1094.852294921875,
        -1093.3944091796875,
        -1123.2803955078125,
        -1071.5264892578125,
        -1029.24853515625,
        -1117.448974609375,
        -1124.73828125,
        -1109.430908203125,
        -1080.273681640625,
        -1137.8590087890625,
        -1087.56298828125,
        -1137.8590087890625,
        -1108.701904296875,
        -1122.551513671875,
        -1140.0458984375,
        -1101.41259765625,
        -1138.5880126953125
      ],
      "90%": [
        -720.1824340820312,
        -757.3577880859375,
        -812.0275268554688,
        -833.8954467773438,
        -852.84765625,
        -886.37841796875,
        -801.8225708007812,
        -871.0708618164062,
        -877.6311645507812,
        -852.84765625,
        -880.546875,
        -812.7564697265625,
        -798.9068603515625,
        -805.4671630859375,
        -827.3350830078125,
        -890.0230102539062,
        -822.2325439453125,
        -841.1847534179688,
        -895.8544921875,
        -911.1619873046875,
        -851.3897705078125,
        -873.986572265625,
        -873.986572265625,
        -851.3897705078125,
        -816.401123046875,
        -925.7405395507812,
        -858.6790161132812,
        -860.1369018554688,
        -845.558349609375,
        -852.84765625
      ]
    }
  },
  "Account_6000": {
    "forecast_mean": [
      786.027587890625,
      769.8723754882812,
      793.9583740234375,
      771.0472412109375,
      803.6514892578125,
      785.1464233398438,
      772.2222900390625,
      763.4102172851562,
      786.0276489257812,
      800.1266479492188,
      776.9219970703125,
      776.0407104492188,
      791.0210571289062,
      781.3279418945312,
      785.7338256835938,
      766.6412963867188,
      779.5655517578125,
      769.57861328125,
      800.4205322265625,
      773.3971557617188,
      796.0145263671875,
      830.9686279296875,
      762.2352294921875,
      817.1632690429688,
      807.4700317382812,
      738.4429931640625,
      791.6085205078125,
      765.172607421875,
      782.7965087890625,
      763.9977416992188
    ],
    "confidence_intervals": {
      "10%": [
        686.74609375,
        679.696533203125,
        702.607666015625,
        651.4982299804688,
        702.607666015625,
        684.9837036132812,
        674.996826171875,
        669.1221923828125,
        697.907958984375,
        690.2708740234375,
        684.9837036132812,
        692.0332641601562,
        686.74609375,
        692.0332641601562,
        668.5347290039062,
        686.74609375,
        686.1586303710938,
        674.996826171875,
        680.8714599609375,
        691.44580078125,
        724.9313354492188,
        727.86865234375,
        673.8218994140625,
        733.7432861328125,
        699.0828857421875,
        673.8218994140625,
        684.9837036132812,
        668.5347290039062,
        696.1455688476562,
        662.6600341796875
      ],
      "90%": [
        861.22314453125,
        887.6589965820312,
        895.8834838867188,
        905.870361328125,
        916.4447631835938,
        906.4578247070312,
        911.1575927734375,
        860.6356811523438,
        917.6196899414062,
        900.5831909179688,
        852.9985961914062,
        850.6487426757812,
        893.5336303710938,
        896.470947265625,
        899.4082641601562,
        853.5860595703125,
        882.371826171875,
        872.3849487304688,
        889.42138671875,
        854.760986328125,
        884.1342163085938,
        929.3689575195312,
        831.2623291015625,
        922.3193969726562,
        917.0322265625,
        799.539306640625,
        916.4447631835938,
        871.2100219726562,
        832.4373168945312,
        895.2960205078125
      ]
    }
  }
}